timestamp,road_name,district,latitude,longitude,current_speed_kmh,free_flow_speed_kmh,delay_minutes,congestion_percentage
2026-10-07 17:37:30,King Fahd Road,Al Olaya,24.7118,46.6744,33,73,13.6,54.79
2026-10-07 17:37:30,King Khalid Road,Umm Al Hamam / Hittin,24.7292,46.6115,48,99,4.9,51.52
2026-10-07 17:37:30,Abu Bakr Al Siddiq Road,Al Wurud / Al Taawun,24.7561,46.6998,28,54,5.5,48.15
2026-10-07 17:37:30,Al Takhassusi Street,Al Mohammadiyyah / Al Rahmaniyyah,24.7176,46.6628,42,68,10.8,38.24
2026-10-07 17:37:30,Prince Turki Al Awwal Road,Hittin / Al Nakheel,24.7389,46.6272,49,68,1.0,27.94
2026-10-07 17:37:30,Khurais Road,Al Murabba,24.6908,46.6853,26,44,5.5,40.91
2026-10-07 17:37:30,Al Khaleej Bridge (Khurais),Al Malaz / Al Murabba,24.6852,46.7214,39,63,10.8,38.1
2026-10-07 17:37:30,King Abdullah Road,Al Wurud,24.7335,46.6631,31,50,6.9,38.0
2026-10-07 17:37:30,Al Urubah Road,Al Olaya / Al Rahmaniyyah,24.7103,46.6789,28,40,0.5,30.0
2026-10-07 17:37:30,Northern Ring Road,Al Nakheel,24.7675,46.6792,15,102,23.0,85.29
2026-10-07 17:37:30,Eastern Ring Road,Al Quds,24.7478,46.7381,21,104,10.5,79.81
2026-10-07 17:37:30,Western Ring Road,Dhahrat Laban / Al Suwaidi,24.6189,46.6025,83,100,2.0,17.0
2026-10-07 17:37:30,Wadi Laban Cable Bridge (Suspension Bridge),Dhahrat Laban,24.6144,46.5822,59,108,7.5,45.37
