timestamp,location_name,latitude,longitude,current_speed_kmh,free_flow_speed_kmh,current_travel_time_sec,free_flow_travel_time_sec,delay_seconds,congestion_pct
2026-10-08 13:57:27,King Fahd Rd (Olaya / Downtown),24.7136,46.6753,64,72,784,697,87,11.11
2026-10-08 13:57:27,Northern Ring Rd (Al Nakheel / KAFD),24.7743,46.6385,47,90,560,292,268,47.78
2026-10-08 13:57:27,Eastern Ring Rd (Exit 10 / Al Quds),24.7562,46.7487,11,107,228,23,205,89.72
2026-10-08 13:57:27,Southern Ring Rd (Shubra / Namar),24.5821,46.6892,67,67,40,40,0,0.0
2026-10-08 13:57:27,Western Ring Rd (Dhahrat Laban),24.6437,46.5921,110,110,250,250,0,0.0
2026-10-08 13:57:27,Makkah Al Mukarramah Rd (Al Mutamarat),24.6712,46.6914,63,63,148,148,0,0.0
2026-10-08 13:57:27,Khurais Rd (Al Malaz / Al Rawdah),24.7088,46.7326,35,54,686,444,242,35.19
2026-10-08 13:57:27,King Abdullah Rd (Al Wurud / Salah Ad Din),24.7431,46.6834,44,63,1512,1056,456,30.16
2026-10-08 13:57:27,King Abdulaziz Rd (Al Yasmin / Sahafa),24.8115,46.6453,43,55,845,661,184,21.82
2026-10-08 13:57:27,Prince Turki Ibn Abdulaziz Al Awwal (Hittin),24.7618,46.6112,28,37,1488,1126,362,24.32
2026-10-08 13:57:27,King Khalid Rd (Hittin / Umm Al Hamam),24.7391,46.5881,86,86,14,14,0,0.0
2026-10-08 13:57:27,Al Takhassusi (Al Mohammadiyyah),24.7295,46.6573,52,84,304,188,116,38.1
2026-10-08 13:57:27,Olaya St (Al Olaya District),24.6975,46.6852,27,39,648,448,200,30.77
2026-10-08 13:58:29,King Fahd Rd (Olaya / Downtown),24.7136,46.6753,64,72,784,697,87,11.11
2026-10-08 13:58:29,Northern Ring Rd (Al Nakheel / KAFD),24.7743,46.6385,49,90,537,292,245,45.56
2026-10-08 13:58:29,Eastern Ring Rd (Exit 10 / Al Quds),24.7562,46.7487,12,106,209,23,186,88.68
2026-10-08 13:58:29,Southern Ring Rd (Shubra / Namar),24.5821,46.6892,67,67,40,40,0,0.0
2026-10-08 13:58:29,Western Ring Rd (Dhahrat Laban),24.6437,46.5921,110,110,250,250,0,0.0
2026-10-08 13:58:29,Makkah Al Mukarramah Rd (Al Mutamarat),24.6712,46.6914,63,63,148,148,0,0.0
2026-10-08 13:58:29,Khurais Rd (Al Malaz / Al Rawdah),24.7088,46.7326,39,54,616,444,172,27.78
2026-10-08 13:58:29,King Abdullah Rd (Al Wurud / Salah Ad Din),24.7431,46.6834,44,63,1512,1056,456,30.16
2026-10-08 13:58:29,King Abdulaziz Rd (Al Yasmin / Sahafa),24.8115,46.6453,43,55,845,661,184,21.82
2026-10-08 13:58:29,Prince Turki Ibn Abdulaziz Al Awwal (Hittin),24.7618,46.6112,29,37,1436,1126,310,21.62
2026-10-08 13:58:29,King Khalid Rd (Hittin / Umm Al Hamam),24.7391,46.5881,86,86,14,14,0,0.0
2026-10-08 13:58:29,Al Takhassusi (Al Mohammadiyyah),24.7295,46.6573,50,85,316,186,130,41.18
2026-10-08 13:58:29,Olaya St (Al Olaya District),24.6975,46.6852,26,39,673,448,225,33.33
2026-10-08 13:59:34,King Fahd Rd (Olaya / Downtown),24.7136,46.6753,65,72,772,697,75,9.72
2026-10-08 13:59:34,Northern Ring Rd (Al Nakheel / KAFD),24.7743,46.6385,48,90,548,292,256,46.67
2026-10-08 13:59:34,Eastern Ring Rd (Exit 10 / Al Quds),24.7562,46.7487,11,107,228,23,205,89.72
2026-10-08 13:59:34,Southern Ring Rd (Shubra / Namar),24.5821,46.6892,67,67,40,40,0,0.0
2026-10-08 13:59:34,Western Ring Rd (Dhahrat Laban),24.6437,46.5921,110,110,250,250,0,0.0
2026-10-08 13:59:34,Makkah Al Mukarramah Rd (Al Mutamarat),24.6712,46.6914,63,63,148,148,0,0.0
2026-10-08 13:59:34,Khurais Rd (Al Malaz / Al Rawdah),24.7088,46.7326,39,55,616,436,180,29.09
2026-10-08 13:59:34,King Abdullah Rd (Al Wurud / Salah Ad Din),24.7431,46.6834,44,63,1512,1056,456,30.16
2026-10-08 13:59:34,King Abdulaziz Rd (Al Yasmin / Sahafa),24.8115,46.6453,43,55,845,661,184,21.82
2026-10-08 13:59:34,Prince Turki Ibn Abdulaziz Al Awwal (Hittin),24.7618,46.6112,29,37,1436,1126,310,21.62
2026-10-08 13:59:34,King Khalid Rd (Hittin / Umm Al Hamam),24.7391,46.5881,86,86,14,14,0,0.0
2026-10-08 13:59:34,Al Takhassusi (Al Mohammadiyyah),24.7295,46.6573,53,85,298,186,112,37.65
2026-10-08 13:59:34,Olaya St (Al Olaya District),24.6975,46.6852,25,38,700,460,240,34.21
2026-10-08 14:00:41,King Fahd Rd (Olaya / Downtown),24.7136,46.6753,66,72,760,697,63,8.33
2026-10-08 14:00:41,Northern Ring Rd (Al Nakheel / KAFD),24.7743,46.6385,49,90,537,292,245,45.56
2026-10-08 14:00:41,Eastern Ring Rd (Exit 10 / Al Quds),24.7562,46.7487,10,102,251,24,227,90.2
2026-10-08 14:00:41,Southern Ring Rd (Shubra / Namar),24.5821,46.6892,67,67,40,40,0,0.0
2026-10-08 14:00:41,Western Ring Rd (Dhahrat Laban),24.6437,46.5921,110,110,250,250,0,0.0
2026-10-08 14:00:41,Makkah Al Mukarramah Rd (Al Mutamarat),24.6712,46.6914,49,63,190,148,42,22.22
2026-10-08 14:00:41,Khurais Rd (Al Malaz / Al Rawdah),24.7088,46.7326,38,54,632,444,188,29.63
2026-10-08 14:00:41,King Abdullah Rd (Al Wurud / Salah Ad Din),24.7431,46.6834,43,63,1547,1056,491,31.75
2026-10-08 14:00:41,King Abdulaziz Rd (Al Yasmin / Sahafa),24.8115,46.6453,43,55,845,661,184,21.82
2026-10-08 14:00:41,Prince Turki Ibn Abdulaziz Al Awwal (Hittin),24.7618,46.6112,29,37,1436,1126,310,21.62
2026-10-08 14:00:41,King Khalid Rd (Hittin / Umm Al Hamam),24.7391,46.5881,86,86,14,14,0,0.0
2026-10-08 14:00:41,Al Takhassusi (Al Mohammadiyyah),24.7295,46.6573,55,85,287,186,101,35.29
2026-10-08 14:00:41,Olaya St (Al Olaya District),24.6975,46.6852,25,39,700,448,252,35.9
2026-10-08 14:02:06,King Fahd Rd (Olaya / Downtown),24.7136,46.6753,66,73,760,687,73,9.59
2026-10-08 14:02:06,Northern Ring Rd (Al Nakheel / KAFD),24.7743,46.6385,48,90,548,292,256,46.67
2026-10-08 14:02:06,Eastern Ring Rd (Exit 10 / Al Quds),24.7562,46.7487,12,105,209,23,186,88.57
2026-10-08 14:02:06,Southern Ring Rd (Shubra / Namar),24.5821,46.6892,67,67,40,40,0,0.0
2026-10-08 14:02:06,Western Ring Rd (Dhahrat Laban),24.6437,46.5921,110,110,250,250,0,0.0
2026-10-08 14:02:06,Makkah Al Mukarramah Rd (Al Mutamarat),24.6712,46.6914,63,63,148,148,0,0.0
2026-10-08 14:02:06,Khurais Rd (Al Malaz / Al Rawdah),24.7088,46.7326,37,55,649,436,213,32.73
2026-10-08 14:02:06,King Abdullah Rd (Al Wurud / Salah Ad Din),24.7431,46.6834,45,62,1478,1073,405,27.42
2026-10-08 14:02:06,King Abdulaziz Rd (Al Yasmin / Sahafa),24.8115,46.6453,43,55,845,661,184,21.82
2026-10-08 14:02:06,Prince Turki Ibn Abdulaziz Al Awwal (Hittin),24.7618,46.6112,29,37,1436,1126,310,21.62
2026-10-08 14:02:06,King Khalid Rd (Hittin / Umm Al Hamam),24.7391,46.5881,86,86,14,14,0,0.0
2026-10-08 14:02:06,Al Takhassusi (Al Mohammadiyyah),24.7295,46.6573,59,84,268,188,80,29.76
2026-10-08 14:02:06,Olaya St (Al Olaya District),24.6975,46.6852,25,38,700,460,240,34.21
